mean_fit_time,std_fit_time,mean_score_time,std_score_time,param_rf__n_estimators,param_rf__min_samples_split,param_rf__min_samples_leaf,param_rf__max_samples,param_rf__max_features,param_rf__max_depth,param_rf__criterion,param_balance__k_neighbors,params,split0_test_score,split1_test_score,split2_test_score,split3_test_score,split4_test_score,mean_test_score,std_test_score,rank_test_score,split0_train_score,split1_train_score,split2_train_score,split3_train_score,split4_train_score,mean_train_score,std_train_score
574.096363401413,37.16873155268304,4.411520481109619,1.9166694663348591,450,15,3,0.8,0.6,25,entropy,6,"{'rf__n_estimators': 450, 'rf__min_samples_split': 15, 'rf__min_samples_leaf': 3, 'rf__max_samples': 0.8, 'rf__max_features': 0.6, 'rf__max_depth': 25, 'rf__criterion': 'entropy', 'balance__k_neighbors': 6}",0.7995051981126712,0.8129452865188778,0.8049618602946047,0.7973501575194354,0.8124344519857317,0.8054393908862643,0.006421023669729338,15,0.9098367161630021,0.9103610276250939,0.910919886080365,0.909374507696754,0.9119492418470407,0.9104882758824511,0.0008946407850207324
409.08929538726807,4.161239080275382,3.7826545238494873,1.4181306711964614,350,15,4,0.8,0.5,20,entropy,6,"{'rf__n_estimators': 350, 'rf__min_samples_split': 15, 'rf__min_samples_leaf': 4, 'rf__max_samples': 0.8, 'rf__max_features': 0.5, 'rf__max_depth': 20, 'rf__criterion': 'entropy', 'balance__k_neighbors': 6}",0.7965312899767207,0.807833836966144,0.8010979047312325,0.7904772455293475,0.8078430292512555,0.80075666129094,0.006692378121937385,24,0.8973911091192508,0.8973890031472791,0.8987919315042443,0.8968371611571584,0.89952735817311,0.8979873126202085,0.0010055280285965551
511.0870859146118,9.413562766632886,4.280324792861938,2.164798348867058,450,15,3,0.8,0.5,30,entropy,6,"{'rf__n_estimators': 450, 'rf__min_samples_split': 15, 'rf__min_samples_leaf': 3, 'rf__max_samples': 0.8, 'rf__max_features': 0.5, 'rf__max_depth': 30, 'rf__criterion': 'entropy', 'balance__k_neighbors': 6}",0.7990058246543132,0.8112132389698165,0.8021172797918872,0.7963346882158157,0.8129927873478631,0.8043327637959392,0.0066270779309493995,17,0.9088108451921613,0.9080428395556905,0.9087818995622969,0.9080422349043642,0.9110926484584811,0.9089540935345987,0.001121200962341639
407.1262978076935,18.977915990885183,3.3887328624725344,0.9137713405851037,350,5,2,0.8,0.5,30,entropy,5,"{'rf__n_estimators': 350, 'rf__min_samples_split': 5, 'rf__min_samples_leaf': 2, 'rf__max_samples': 0.8, 'rf__max_features': 0.5, 'rf__max_depth': 30, 'rf__criterion': 'entropy', 'balance__k_neighbors': 5}",0.8144229334898786,0.8235319657357068,0.8097057911161515,0.8088028238822681,0.8255963685188399,0.816411976548569,0.006955224245571127,2,0.9780710413019621,0.9787036078055379,0.9789746008455774,0.9784216805558182,0.9791261824755141,0.978659422596882,0.0003799653330808208
438.6702817440033,11.429868245143865,2.7808767795562743,0.7531471012302849,350,5,3,0.8,0.6,25,entropy,4,"{'rf__n_estimators': 350, 'rf__min_samples_split': 5, 'rf__min_samples_leaf': 3, 'rf__max_samples': 0.8, 'rf__max_features': 0.6, 'rf__max_depth': 25, 'rf__criterion': 'entropy', 'balance__k_neighbors': 4}",0.807542392249862,0.8209658242257788,0.8112011871948938,0.805713449911616,0.8214664174731844,0.8133778542110669,0.0066413211555360055,7,0.9576438507605517,0.9567742124549562,0.9571745417023427,0.9580344641766204,0.9590992465739211,0.9577452631336785,0.0007994817373706628
304.6886255264282,11.65713121879627,2.3220749855041505,1.206585995761516,250,5,2,0.7,0.6,30,entropy,4,"{'rf__n_estimators': 250, 'rf__min_samples_split': 5, 'rf__min_samples_leaf': 2, 'rf__max_samples': 0.7, 'rf__max_features': 0.6, 'rf__max_depth': 30, 'rf__criterion': 'entropy', 'balance__k_neighbors': 4}",0.8119948828657009,0.8222320451495068,0.8104931469277854,0.8085831559104502,0.8233863729043508,0.815337920751559,0.006206144004752746,4,0.9714743364910393,0.9712735152463918,0.9711026207184961,0.9712434394701375,0.9716010446483044,0.9713389913148738,0.00017679287071695955
382.0249440193176,25.70792879054952,6.049816417694092,4.344863312803305,450,10,2,0.7,0.4,25,entropy,6,"{'rf__n_estimators': 450, 'rf__min_samples_split': 10, 'rf__min_samples_leaf': 2, 'rf__max_samples': 0.7, 'rf__max_features': 0.4, 'rf__max_depth': 25, 'rf__criterion': 'entropy', 'balance__k_neighbors': 6}",0.8055231217578915,0.8192009376917561,0.8061821139274038,0.8031743236405103,0.817985723789617,0.8104132441614358,0.0067643733751074474,10,0.932105789575662,0.9337071380368626,0.9340814761475755,0.9325154717666978,0.9341165359840635,0.9333052823021722,0.0008348270403412802
424.142583322525,14.085740592804777,1.283674430847168,0.5859301959710641,350,10,2,0.7,0.6,,entropy,4,"{'rf__n_estimators': 350, 'rf__min_samples_split': 10, 'rf__min_samples_leaf': 2, 'rf__max_samples': 0.7, 'rf__max_features': 0.6, 'rf__max_depth': None, 'rf__criterion': 'entropy', 'balance__k_neighbors': 4}",0.8062497669509673,0.817225561920245,0.8060021418441639,0.8054375752291412,0.8177967842885381,0.8105423660466112,0.005698958206702257,9,0.9379811129609247,0.9381313948182619,0.9383574952464644,0.939512666056138,0.9408333947406262,0.938963212764483,0.0010791491440056734
427.56815786361693,21.43511218113178,5.605435037612915,3.0341852950542982,450,5,2,0.8,0.4,,entropy,6,"{'rf__n_estimators': 450, 'rf__min_samples_split': 5, 'rf__min_samples_leaf': 2, 'rf__max_samples': 0.8, 'rf__max_features': 0.4, 'rf__max_depth': None, 'rf__criterion': 'entropy', 'balance__k_neighbors': 6}",0.8111987110842355,0.8248901627658227,0.8123737424679204,0.8088456395043027,0.825476321090265,0.8165569153825093,0.0071368322768052715,1,0.9766312446103164,0.9776980016096387,0.9770718897205611,0.9774577220295457,0.9773281234509223,0.9772373962841968,0.00036434719513826297
571.8495756149292,24.556586908032884,5.323045492172241,4.012332910911199,450,15,2,0.8,0.6,25,entropy,4,"{'rf__n_estimators': 450, 'rf__min_samples_split': 15, 'rf__min_samples_leaf': 2, 'rf__max_samples': 0.8, 'rf__max_features': 0.6, 'rf__max_depth': 25, 'rf__criterion': 'entropy', 'balance__k_neighbors': 4}",0.8027549090062838,0.8116784890329316,0.8017855563257466,0.7987291795809138,0.8128704498820616,0.8055637167655874,0.0056507271139818955,14,0.9187974724496035,0.9182474427203545,0.9187717120603912,0.9197658621099157,0.9205658778127749,0.919229673430608,0.0008287634069500009
322.80629529953,29.686007853595452,5.770614337921143,5.34901390484243,350,15,3,0.8,0.4,30,entropy,4,"{'rf__n_estimators': 350, 'rf__min_samples_split': 15, 'rf__min_samples_leaf': 3, 'rf__max_samples': 0.8, 'rf__max_features': 0.4, 'rf__max_depth': 30, 'rf__criterion': 'entropy', 'balance__k_neighbors': 4}",0.798152278051915,0.8061874249370822,0.7982477199305571,0.7959950452344399,0.8097724158255926,0.8016709767959173,0.005335686378925056,21,0.9071445447517283,0.9054922267400989,0.9058754453839031,0.906727416472171,0.9080963389950827,0.9066671944685968,0.0009253496459425194
328.10309371948244,12.056130548966125,2.102870750427246,1.3020949605278065,250,15,3,0.8,0.6,25,entropy,6,"{'rf__n_estimators': 250, 'rf__min_samples_split': 15, 'rf__min_samples_leaf': 3, 'rf__max_samples': 0.8, 'rf__max_features': 0.6, 'rf__max_depth': 25, 'rf__criterion': 'entropy', 'balance__k_neighbors': 6}",0.7979146019088181,0.8126106782566257,0.804955200596554,0.7964022236250713,0.8139385255281458,0.805164245983043,0.007236178689319605,16,0.9095077048416689,0.9097239717177994,0.9104748255496029,0.9090356745404093,0.9115683919504787,0.9100621137199919,0.0008848154349164003
399.4803258895874,18.70050031676143,1.7738906860351562,1.2016208252529317,450,15,4,0.8,0.4,25,entropy,6,"{'rf__n_estimators': 450, 'rf__min_samples_split': 15, 'rf__min_samples_leaf': 4, 'rf__max_samples': 0.8, 'rf__max_features': 0.4, 'rf__max_depth': 25, 'rf__criterion': 'entropy', 'balance__k_neighbors': 6}",0.7970463571896333,0.8083113885567496,0.8003743367566098,0.7939142159162788,0.8121082397435643,0.8023509076325672,0.0068404052177753185,20,0.899133044376506,0.8976564153577103,0.899159670977871,0.8975348333186899,0.9007834590885139,0.8988534846238583,0.0011889929575472627
579.3853222370147,6.218555852602013,4.022336959838867,1.5432474984100342,450,15,2,0.8,0.6,30,entropy,6,"{'rf__n_estimators': 450, 'rf__min_samples_split': 15, 'rf__min_samples_leaf': 2, 'rf__max_samples': 0.8, 'rf__max_features': 0.6, 'rf__max_depth': 30, 'rf__criterion': 'entropy', 'balance__k_neighbors': 6}",0.8003246529810614,0.8167321758810926,0.805716873952331,0.7987542784439706,0.8149677188851951,0.8072991400287302,0.007374970672309135,12,0.9181774184764956,0.9190589201147065,0.9201448653975706,0.9189997685214274,0.9209135197568848,0.9194588984534169,0.0009591087198134313
539.432958650589,22.69671489969199,2.5121063709259035,2.236814712011378,450,15,4,0.7,0.6,30,entropy,5,"{'rf__n_estimators': 450, 'rf__min_samples_split': 15, 'rf__min_samples_leaf': 4, 'rf__max_samples': 0.7, 'rf__max_features': 0.6, 'rf__max_depth': 30, 'rf__criterion': 'entropy', 'balance__k_neighbors': 5}",0.8004157171264368,0.8049707628157065,0.7992651558407576,0.7937818771484401,0.809160950194453,0.8015188926251587,0.005224446111620389,22,0.8969250453969093,0.8960271635292998,0.8970649259775256,0.8969673853236498,0.896566781496225,0.896710260344722,0.00038085194596581217
321.8694314479828,32.98767340637548,4.473567867279053,2.1640155858585834,250,10,2,0.7,0.6,30,entropy,6,"{'rf__n_estimators': 250, 'rf__min_samples_split': 10, 'rf__min_samples_leaf': 2, 'rf__max_samples': 0.7, 'rf__max_features': 0.6, 'rf__max_depth': 30, 'rf__criterion': 'entropy', 'balance__k_neighbors': 6}",0.8084845868311068,0.8184378589430072,0.8085118686525555,0.8042787581792106,0.8214539773739394,0.8122334099959639,0.006552771629258842,8,0.9363042337309073,0.9373030952391629,0.937850216658941,0.9381248183258243,0.9375135871300818,0.9374191902169834,0.0006243735434135146
223.2039213180542,18.13107919012188,3.762109899520874,2.6383305295611,250,15,3,0.7,0.5,20,entropy,4,"{'rf__n_estimators': 250, 'rf__min_samples_split': 15, 'rf__min_samples_leaf': 3, 'rf__max_samples': 0.7, 'rf__max_features': 0.5, 'rf__max_depth': 20, 'rf__criterion': 'entropy', 'balance__k_neighbors': 4}",0.7985262738149139,0.805909244351086,0.7964377800339085,0.7947075484595227,0.8074391876092243,0.8006040068537311,0.005124605018009421,25,0.8992141183851011,0.8955778425466644,0.8979477453803415,0.8974376209006212,0.8977167783385789,0.8975788211102614,0.0011707422604633855
562.6059460639954,16.543882785348107,5.1039626121521,2.776155783783859,450,5,3,0.8,0.6,25,entropy,6,"{'rf__n_estimators': 450, 'rf__min_samples_split': 5, 'rf__min_samples_leaf': 3, 'rf__max_samples': 0.8, 'rf__max_features': 0.6, 'rf__max_depth': 25, 'rf__criterion': 'entropy', 'balance__k_neighbors': 6}",0.8091353630477767,0.8225285402114572,0.8104997802371539,0.8039797866949149,0.8243954270244223,0.8141077794431449,0.00796321197584577,6,0.9558322331826752,0.9580916366733474,0.9580908672933965,0.9584553914360237,0.9571482377908321,0.957523673275255,0.0009501906752483507
322.54108757972716,15.138890301655806,2.3895578384399414,1.6430206651581218,250,15,2,0.7,0.6,30,entropy,4,"{'rf__n_estimators': 250, 'rf__min_samples_split': 15, 'rf__min_samples_leaf': 2, 'rf__max_samples': 0.7, 'rf__max_features': 0.6, 'rf__max_depth': 30, 'rf__criterion': 'entropy', 'balance__k_neighbors': 4}",0.7989946811192026,0.809279714464098,0.8011830316467708,0.7965060214437293,0.8112920285437887,0.8034510954435179,0.005808456360318238,19,0.9117962128950288,0.9105908945328199,0.9115064389483968,0.9106873090849822,0.9130957145273262,0.9115353139977108,0.0009071705764182605
351.3433719158173,11.507602203453533,3.923431158065796,2.981008165834448,250,5,2,0.8,0.6,20,entropy,4,"{'rf__n_estimators': 250, 'rf__min_samples_split': 5, 'rf__min_samples_leaf': 2, 'rf__max_samples': 0.8, 'rf__max_features': 0.6, 'rf__max_depth': 20, 'rf__criterion': 'entropy', 'balance__k_neighbors': 4}",0.8104564191473694,0.8197525561643233,0.8133351644744637,0.805429928542973,0.8221197906052071,0.8142187717868673,0.006086521054529457,5,0.9665031657753108,0.9655059327829113,0.9650281602323418,0.9658938384301903,0.9694319054191496,0.9664726005279809,0.001556550001516306
251.23470678329468,12.18203407673436,2.947088861465454,1.1756150330619348,250,15,3,0.7,0.5,,entropy,4,"{'rf__n_estimators': 250, 'rf__min_samples_split': 15, 'rf__min_samples_leaf': 3, 'rf__max_samples': 0.7, 'rf__max_features': 0.5, 'rf__max_depth': None, 'rf__criterion': 'entropy', 'balance__k_neighbors': 4}",0.7956843950335504,0.8092216779651461,0.7964026306877366,0.7942130707728916,0.8102780786478427,0.8011599706214335,0.007056977370602489,23,0.9029793488152423,0.8996777066177545,0.9018470229440042,0.9016644971620785,0.90260478715755,0.901754672539326,0.0011448121662688431
271.8865901470184,5.961210647859605,2.5114521026611327,1.0693829138537168,250,5,4,0.8,0.5,20,entropy,4,"{'rf__n_estimators': 250, 'rf__min_samples_split': 5, 'rf__min_samples_leaf': 4, 'rf__max_samples': 0.8, 'rf__max_features': 0.5, 'rf__max_depth': 20, 'rf__criterion': 'entropy', 'balance__k_neighbors': 4}",0.8009159221499348,0.8128370767164624,0.8005402240800876,0.8027774257119454,0.8161553085102289,0.8066451914337319,0.006539671777040869,13,0.9275835468406762,0.9263619122536196,0.9266010820006005,0.9282934903154697,0.9293864611219615,0.9276452985064655,0.0011129314020372966
278.9421434402466,10.727361372105584,1.8511315822601317,1.2089328587155224,250,5,2,0.8,0.5,30,entropy,5,"{'rf__n_estimators': 250, 'rf__min_samples_split': 5, 'rf__min_samples_leaf': 2, 'rf__max_samples': 0.8, 'rf__max_features': 0.5, 'rf__max_depth': 30, 'rf__criterion': 'entropy', 'balance__k_neighbors': 5}",0.8130494380174021,0.8227701453680681,0.8089688652727528,0.8065387976954876,0.8265642168376788,0.8155782926382779,0.007800068984520335,3,0.9779527653950323,0.9788241903922558,0.9780702097205388,0.9779085081420786,0.9790055508947839,0.9783522449089379,0.0004659552120439586
354.04241943359375,7.553031812787289,1.4337902545928956,0.6275320322654611,350,10,3,0.7,0.6,20,entropy,6,"{'rf__n_estimators': 350, 'rf__min_samples_split': 10, 'rf__min_samples_leaf': 3, 'rf__max_samples': 0.7, 'rf__max_features': 0.6, 'rf__max_depth': 20, 'rf__criterion': 'entropy', 'balance__k_neighbors': 6}",0.8029491524507313,0.8157829631125072,0.805314890351248,0.8015217159398627,0.816954909809807,0.8085047263328313,0.0065449250616452966,11,0.9198070107974872,0.9209387566811976,0.9220627073579152,0.9204780749959177,0.9236429655891815,0.9213859030843399,0.0013468027155412062
268.5692660808563,45.32908752332805,0.41678652763366697,0.2397526650431788,350,15,2,0.8,0.5,20,entropy,5,"{'rf__n_estimators': 350, 'rf__min_samples_split': 15, 'rf__min_samples_leaf': 2, 'rf__max_samples': 0.8, 'rf__max_features': 0.5, 'rf__max_depth': 20, 'rf__criterion': 'entropy', 'balance__k_neighbors': 5}",0.8004605853455501,0.809989849435316,0.8005154678333523,0.7966888783722849,0.8108979390779275,0.8037105440128862,0.00567737361655822,18,0.9129284851364511,0.9103191849455002,0.911605665686504,0.9129070145966027,0.9132322670511843,0.9121985234832485,0.001094241576958519
